{"cameraMode":{"drawMode":0,"name":"Shaded","section":"Shading Mode"},"sceneLighting":false,"audioPlay":false,"sceneViewState":{"showFog":true,"showMaterialUpdate":false,"showSkybox":false,"showFlares":true,"showImageEffects":true,"showParticleSystems":true},"in2DMode":false,"pivot":{"x":0.03825880587100983,"y":0.06618142127990723,"z":-0.10213717818260193},"rotation":{"x":-0.31438785791397097,"y":0.21583598852157594,"z":-0.07385902106761933,"w":-0.9215728044509888},"size":0.566374659538269,"orthographic":false}