{"cameraMode":{"drawMode":0,"name":"Shaded","section":"Shading Mode"},"sceneLighting":false,"audioPlay":false,"sceneViewState":{"showFog":true,"showMaterialUpdate":false,"showSkybox":false,"showFlares":true,"showImageEffects":true,"showParticleSystems":true},"in2DMode":false,"pivot":{"x":0.7098814249038696,"y":1.3429431915283204,"z":0.26517874002456667},"rotation":{"x":0.2408028542995453,"y":-0.7379136085510254,"z":0.33114978671073916,"w":0.5366508960723877},"size":0.945234477519989,"orthographic":false}