{"cameraMode":{"drawMode":0,"name":"Shaded","section":"Shading Mode"},"sceneLighting":false,"audioPlay":false,"sceneViewState":{"showFog":true,"showMaterialUpdate":false,"showSkybox":false,"showFlares":true,"showImageEffects":true,"showParticleSystems":true},"in2DMode":false,"pivot":{"x":-0.6809356212615967,"y":4.725705146789551,"z":7.698186874389648},"rotation":{"x":-0.027540557086467744,"y":-0.9230217337608337,"z":0.3781285583972931,"w":-0.06713712960481644},"size":4.9723005294799809,"orthographic":false}