{"cameraMode":{"drawMode":0,"name":"Shaded","section":"Shading Mode"},"sceneLighting":false,"audioPlay":false,"sceneViewState":{"showFog":true,"showMaterialUpdate":false,"showSkybox":false,"showFlares":true,"showImageEffects":true,"showParticleSystems":true},"in2DMode":false,"pivot":{"x":-8.858688354492188,"y":-3.6544196605682375,"z":-17.855894088745118},"rotation":{"x":0.03284118324518204,"y":-0.9649580121040344,"z":0.21360288560390473,"w":0.14942054450511933},"size":5.400057792663574,"orthographic":false}