{"cameraMode":{"drawMode":0,"name":"Shaded","section":"Shading Mode"},"sceneLighting":false,"audioPlay":false,"sceneViewState":{"showFog":true,"showMaterialUpdate":false,"showSkybox":false,"showFlares":true,"showImageEffects":true,"showParticleSystems":true},"in2DMode":false,"pivot":{"x":3.227506637573242,"y":-4.406894683837891,"z":-1.729172945022583},"rotation":{"x":-0.19760724902153016,"y":-0.7860243916511536,"z":0.31374722719192507,"w":-0.49489825963974},"size":13.766610145568848,"orthographic":false}