{"cameraMode":{"drawMode":0,"name":"Shaded","section":"Shading Mode"},"sceneLighting":false,"audioPlay":false,"sceneViewState":{"showFog":true,"showMaterialUpdate":false,"showSkybox":false,"showFlares":true,"showImageEffects":true,"showParticleSystems":true},"in2DMode":false,"pivot":{"x":506.4412536621094,"y":268.9837646484375,"z":4.34222412109375},"rotation":{"x":0.01018969900906086,"y":0.0036334795877337457,"z":-0.00018725600966718048,"w":-1.000031590461731},"size":658.6026000976563,"orthographic":false}