{"cameraMode":{"drawMode":0,"name":"Shaded","section":"Shading Mode"},"sceneLighting":false,"audioPlay":false,"sceneViewState":{"showFog":true,"showMaterialUpdate":false,"showSkybox":false,"showFlares":true,"showImageEffects":true,"showParticleSystems":true},"in2DMode":false,"pivot":{"x":9.500588475930272e-7,"y":1.7943061590194703,"z":0.06337586045265198},"rotation":{"x":-0.1345866620540619,"y":0.8573358058929443,"z":-0.2826021611690521,"w":-0.4090188443660736},"size":0.6945933103561401,"orthographic":false}