{"cameraMode":{"drawMode":0,"name":"Shaded","section":"Shading Mode"},"sceneLighting":false,"audioPlay":false,"sceneViewState":{"showFog":true,"showMaterialUpdate":false,"showSkybox":false,"showFlares":true,"showImageEffects":true,"showParticleSystems":true},"in2DMode":false,"pivot":{"x":-0.00007146596908569336,"y":1.3221944570541382,"z":-0.03226861357688904},"rotation":{"x":-0.015556092374026776,"y":0.9835406541824341,"z":-0.14747141301631928,"w":-0.1047494038939476},"size":1.400561809539795,"orthographic":false}