{"cameraMode":{"drawMode":0,"name":"Shaded","section":"Shading Mode"},"sceneLighting":false,"audioPlay":false,"sceneViewState":{"showFog":true,"showMaterialUpdate":false,"showSkybox":false,"showFlares":true,"showImageEffects":true,"showParticleSystems":true},"in2DMode":false,"pivot":{"x":0.8266468048095703,"y":-1.5478706359863282,"z":-0.8733940124511719},"rotation":{"x":-0.13637599349021913,"y":-0.8623024225234985,"z":0.3714844882488251,"w":-0.3163108229637146},"size":11.610452651977539,"orthographic":false}