{"cameraMode":{"drawMode":0,"name":"Shaded","section":"Shading Mode"},"sceneLighting":false,"audioPlay":false,"sceneViewState":{"showFog":true,"showMaterialUpdate":false,"showSkybox":false,"showFlares":true,"showImageEffects":true,"showParticleSystems":true},"in2DMode":false,"pivot":{"x":13.689164161682129,"y":1.4199507236480713,"z":7.672271728515625},"rotation":{"x":0.0018737168284133077,"y":-0.9978452324867249,"z":0.058752819895744327,"w":0.031717073172330859},"size":1.245234489440918,"orthographic":false}