{"cameraMode":{"drawMode":0,"name":"Shaded","section":"Shading Mode"},"sceneLighting":false,"audioPlay":false,"sceneViewState":{"showFog":true,"showMaterialUpdate":false,"showSkybox":false,"showFlares":true,"showImageEffects":true,"showParticleSystems":true},"in2DMode":false,"pivot":{"x":-0.38766026496887209,"y":1.301274299621582,"z":-0.32467639446258547},"rotation":{"x":0.13091813027858735,"y":-0.8340813517570496,"z":0.22442218661308289,"w":0.48678630590438845},"size":1.7395124435424805,"orthographic":false}