{"cameraMode":{"drawMode":0,"name":"Shaded","section":"Shading Mode"},"sceneLighting":false,"audioPlay":false,"sceneViewState":{"showFog":true,"showMaterialUpdate":false,"showSkybox":false,"showFlares":true,"showImageEffects":true,"showParticleSystems":true},"in2DMode":false,"pivot":{"x":-1.4049968719482422,"y":1.2787575721740723,"z":0.2590638995170593},"rotation":{"x":-0.46970564126968386,"y":0.3131871223449707,"z":-0.18317614495754243,"w":-0.8050189018249512},"size":1.2398052215576172,"orthographic":false}