{"cameraMode":{"drawMode":0,"name":"Shaded","section":"Shading Mode"},"sceneLighting":false,"audioPlay":false,"sceneViewState":{"showFog":true,"showMaterialUpdate":false,"showSkybox":false,"showFlares":true,"showImageEffects":true,"showParticleSystems":true},"in2DMode":false,"pivot":{"x":-3.195145606994629,"y":-0.6474597454071045,"z":-1.2121362686157227},"rotation":{"x":0.15544162690639497,"y":-0.8066926002502441,"z":0.24327220022678376,"w":0.5159536004066467},"size":5.323750972747803,"orthographic":false}