{"cameraMode":{"drawMode":0,"name":"Shaded","section":"Shading Mode"},"sceneLighting":false,"audioPlay":false,"sceneViewState":{"showFog":true,"showMaterialUpdate":false,"showSkybox":false,"showFlares":true,"showImageEffects":true,"showParticleSystems":true},"in2DMode":false,"pivot":{"x":13.442294120788575,"y":1.179086685180664,"z":7.399837970733643},"rotation":{"x":0.002215919317677617,"y":-0.9974725842475891,"z":0.06323538720607758,"w":0.034700263291597369},"size":1.5370848178863526,"orthographic":false}