{"cameraMode":{"drawMode":0,"name":"Shaded","section":"Shading Mode"},"sceneLighting":false,"audioPlay":false,"sceneViewState":{"showFog":true,"showMaterialUpdate":false,"showSkybox":false,"showFlares":true,"showImageEffects":true,"showParticleSystems":true},"in2DMode":false,"pivot":{"x":0.0000045299530029296878,"y":1.3093090057373047,"z":-0.03414377570152283},"rotation":{"x":-0.015556092374026776,"y":0.9835406541824341,"z":-0.14747141301631928,"w":-0.1047494038939476},"size":1.0539445877075196,"orthographic":false}