{"cameraMode":{"drawMode":0,"name":"Shaded","section":"Shading Mode"},"sceneLighting":false,"audioPlay":false,"sceneViewState":{"showFog":true,"showMaterialUpdate":false,"showSkybox":false,"showFlares":true,"showImageEffects":true,"showParticleSystems":true},"in2DMode":false,"pivot":{"x":-0.20980945229530335,"y":1.4009556770324708,"z":-1.9944822788238526},"rotation":{"x":0.003338305279612541,"y":-0.9962901473045349,"z":0.043674103915691379,"w":0.07513348013162613},"size":3.223750352859497,"orthographic":false}