{"cameraMode":{"drawMode":0,"name":"Shaded","section":"Shading Mode"},"sceneLighting":false,"audioPlay":false,"sceneViewState":{"showFog":true,"showMaterialUpdate":false,"showSkybox":false,"showFlares":true,"showImageEffects":true,"showParticleSystems":true},"in2DMode":false,"pivot":{"x":0.6781249046325684,"y":-0.2730412483215332,"z":-2.0194637775421144},"rotation":{"x":-0.04385954514145851,"y":-0.955137312412262,"z":0.2294972985982895,"w":-0.18242426216602326},"size":5.14523458480835,"orthographic":false}