{"cameraMode":{"drawMode":0,"name":"Shaded","section":"Shading Mode"},"sceneLighting":true,"audioPlay":false,"sceneViewState":{"showFog":true,"showMaterialUpdate":false,"showSkybox":true,"showFlares":true,"showImageEffects":true,"showParticleSystems":true},"in2DMode":false,"pivot":{"x":-6.226072311401367,"y":18.943222045898439,"z":78.8672866821289},"rotation":{"x":-0.5352621674537659,"y":-0.10042038559913635,"z":0.0642346441745758,"w":-0.8364134430885315},"size":23.57742691040039,"orthographic":false}