{"cameraMode":{"drawMode":0,"name":"Shaded","section":"Shading Mode"},"sceneLighting":true,"audioPlay":false,"sceneViewState":{"showFog":true,"showMaterialUpdate":false,"showSkybox":true,"showFlares":true,"showImageEffects":true,"showParticleSystems":true},"in2DMode":false,"pivot":{"x":6.7836456298828129,"y":-60.3248405456543,"z":-3.57403564453125},"rotation":{"x":-0.4410366714000702,"y":0.12084653228521347,"z":-0.06048481911420822,"w":-0.887446403503418},"size":102.1925277709961,"orthographic":false}