{"cameraMode":{"drawMode":0,"name":"Shaded","section":"Shading Mode"},"sceneLighting":true,"audioPlay":false,"sceneViewState":{"showFog":true,"showMaterialUpdate":false,"showSkybox":true,"showFlares":true,"showImageEffects":true,"showParticleSystems":true},"in2DMode":false,"pivot":{"x":-312.775146484375,"y":-914.3077392578125,"z":774.7526245117188},"rotation":{"x":-0.4545952379703522,"y":0.21797165274620057,"z":-0.1160714253783226,"w":-0.8559722304344177},"size":1238.10302734375,"orthographic":false}