{"cameraMode":{"drawMode":0,"name":"Shaded","section":"Shading Mode"},"sceneLighting":true,"audioPlay":false,"sceneViewState":{"showFog":true,"showMaterialUpdate":false,"showSkybox":true,"showFlares":true,"showImageEffects":true,"showParticleSystems":true},"in2DMode":false,"pivot":{"x":0.11117744445800781,"y":-91.10159301757813,"z":16.091867446899415},"rotation":{"x":-0.5702130198478699,"y":0.23317959904670716,"z":-0.17313867807388307,"w":-0.7686863541603088},"size":136.91127014160157,"orthographic":false}