{"cameraMode":{"drawMode":0,"name":"Shaded","section":"Shading Mode"},"sceneLighting":true,"audioPlay":false,"sceneViewState":{"showFog":true,"showMaterialUpdate":false,"showSkybox":true,"showFlares":true,"showImageEffects":true,"showParticleSystems":true},"in2DMode":false,"pivot":{"x":7.978487014770508,"y":-30.131324768066408,"z":16.40340805053711},"rotation":{"x":-0.5147588849067688,"y":0.16768117249011994,"z":-0.10389497876167298,"w":-0.8345350027084351},"size":109.72156524658203,"orthographic":false}