{"cameraMode":{"drawMode":0,"name":"Shaded","section":"Shading Mode"},"sceneLighting":true,"audioPlay":false,"sceneViewState":{"showFog":true,"showMaterialUpdate":false,"showSkybox":true,"showFlares":true,"showImageEffects":true,"showParticleSystems":true},"in2DMode":false,"pivot":{"x":0.5566444396972656,"y":-54.95484161376953,"z":43.22240447998047},"rotation":{"x":0.4298480451107025,"y":0.0716819316148758,"z":-0.03418075665831566,"w":0.8994443416595459},"size":123.2711410522461,"orthographic":false}