{"cameraMode":{"drawMode":0,"name":"Shaded","section":"Shading Mode"},"sceneLighting":true,"audioPlay":false,"sceneViewState":{"showFog":true,"showMaterialUpdate":false,"showSkybox":true,"showFlares":true,"showImageEffects":true,"showParticleSystems":true},"in2DMode":false,"pivot":{"x":26.96617889404297,"y":25.67776870727539,"z":-14.15189266204834},"rotation":{"x":-0.34767231345176699,"y":0.1909400373697281,"z":-0.07394670695066452,"w":-0.9152330756187439},"size":1.5273349285125733,"orthographic":false}