{"cameraMode":{"drawMode":0,"name":"Shaded","section":"Shading Mode"},"sceneLighting":true,"audioPlay":false,"sceneViewState":{"showFog":true,"showMaterialUpdate":false,"showSkybox":true,"showFlares":true,"showImageEffects":true,"showParticleSystems":true},"in2DMode":false,"pivot":{"x":10.601978302001954,"y":-22.69243049621582,"z":-51.67781066894531},"rotation":{"x":-0.5278697609901428,"y":0.2178233563899994,"z":-0.14207951724529267,"w":-0.8087025284767151},"size":55.45241928100586,"orthographic":false}