{"cameraMode":{"drawMode":0,"name":"Shaded","section":"Shading Mode"},"sceneLighting":true,"audioPlay":false,"sceneViewState":{"showFog":true,"showMaterialUpdate":false,"showSkybox":true,"showFlares":true,"showImageEffects":true,"showParticleSystems":true},"in2DMode":false,"pivot":{"x":-86.4874038696289,"y":-458.4879455566406,"z":224.12184143066407},"rotation":{"x":-0.5437781810760498,"y":0.18564152717590333,"z":-0.12489207088947296,"w":-0.8090828657150269},"size":605.751953125,"orthographic":false}