{"cameraMode":{"drawMode":0,"name":"Shaded","section":"Shading Mode"},"sceneLighting":true,"audioPlay":false,"sceneViewState":{"showFog":true,"showMaterialUpdate":false,"showSkybox":true,"showFlares":true,"showImageEffects":true,"showParticleSystems":true},"in2DMode":false,"pivot":{"x":10.234441757202149,"y":3.556018829345703,"z":-64.45863342285156},"rotation":{"x":-0.40908604860305788,"y":0.2389918714761734,"z":-0.11336757242679596,"w":-0.8735741972923279},"size":70.08660125732422,"orthographic":false}