{"cameraMode":{"drawMode":0,"name":"Shaded","section":"Shading Mode"},"sceneLighting":true,"audioPlay":false,"sceneViewState":{"showFog":true,"showMaterialUpdate":false,"showSkybox":true,"showFlares":true,"showImageEffects":true,"showParticleSystems":true},"in2DMode":false,"pivot":{"x":-22.43276596069336,"y":-114.75843811035156,"z":70.18392181396485},"rotation":{"x":-0.40828758478164675,"y":0.18811117112636567,"z":-0.08819468319416046,"w":-0.8891621828079224},"size":224.4786376953125,"orthographic":false}