{"cameraMode":{"drawMode":0,"name":"Shaded","section":"Shading Mode"},"sceneLighting":true,"audioPlay":false,"sceneViewState":{"showFog":true,"showMaterialUpdate":false,"showSkybox":true,"showFlares":true,"showImageEffects":true,"showParticleSystems":true},"in2DMode":false,"pivot":{"x":6.687605381011963,"y":-2.3617515563964845,"z":-1.938211441040039},"rotation":{"x":-0.5195135474205017,"y":-0.008461677469313145,"z":0.005144682712852955,"w":-0.8544076085090637},"size":54.467411041259769,"orthographic":false}