{"cameraMode":{"drawMode":0,"name":"Shaded","section":"Shading Mode"},"sceneLighting":true,"audioPlay":false,"sceneViewState":{"showFog":true,"showMaterialUpdate":false,"showSkybox":true,"showFlares":true,"showImageEffects":true,"showParticleSystems":true},"in2DMode":false,"pivot":{"x":7.306300163269043,"y":-54.36223220825195,"z":-29.70645523071289},"rotation":{"x":-0.5104241967201233,"y":0.0874335914850235,"z":-0.05353993922472,"w":-0.8540452122688294},"size":98.17542266845703,"orthographic":false}