{"cameraMode":{"drawMode":0,"name":"Shaded","section":"Shading Mode"},"sceneLighting":true,"audioPlay":false,"sceneViewState":{"showFog":true,"showMaterialUpdate":false,"showSkybox":true,"showFlares":true,"showImageEffects":true,"showParticleSystems":true},"in2DMode":false,"pivot":{"x":0.2507859468460083,"y":23.109329223632814,"z":-7.944630146026611},"rotation":{"x":-0.3955063819885254,"y":0.08165077865123749,"z":-0.03538210317492485,"w":-0.9142176508903503},"size":6.664679050445557,"orthographic":false}