{"cameraMode":{"drawMode":0,"name":"Shaded","section":"Shading Mode"},"sceneLighting":true,"audioPlay":false,"sceneViewState":{"showFog":true,"showMaterialUpdate":false,"showSkybox":true,"showFlares":true,"showImageEffects":true,"showParticleSystems":true},"in2DMode":false,"pivot":{"x":12.533011436462403,"y":7.983102798461914,"z":-65.37657165527344},"rotation":{"x":-0.3398857116699219,"y":0.3171314001083374,"z":-0.12293989956378937,"w":-0.8768211007118225},"size":26.49274444580078,"orthographic":false}