{"cameraMode":{"drawMode":0,"name":"Shaded","section":"Shading Mode"},"sceneLighting":true,"audioPlay":false,"sceneViewState":{"showFog":true,"showMaterialUpdate":false,"showSkybox":true,"showFlares":true,"showImageEffects":true,"showParticleSystems":true},"in2DMode":false,"pivot":{"x":-54.504249572753909,"y":22.89238739013672,"z":-18.034717559814454},"rotation":{"x":-0.3955063819885254,"y":0.08165077865123749,"z":-0.03538210317492485,"w":-0.9142176508903503},"size":9.730920791625977,"orthographic":false}