{"cameraMode":{"drawMode":0,"name":"Shaded","section":"Shading Mode"},"sceneLighting":true,"audioPlay":false,"sceneViewState":{"showFog":true,"showMaterialUpdate":false,"showSkybox":true,"showFlares":true,"showImageEffects":true,"showParticleSystems":true},"in2DMode":false,"pivot":{"x":244.11936950683595,"y":-15.540802001953125,"z":138.1401824951172},"rotation":{"x":-0.38727158308029177,"y":-0.4085477888584137,"z":0.1967460960149765,"w":-0.8029470443725586},"size":215.33364868164063,"orthographic":false}