{"cameraMode":{"drawMode":0,"name":"Shaded","section":"Shading Mode"},"sceneLighting":true,"audioPlay":false,"sceneViewState":{"showFog":true,"showMaterialUpdate":false,"showSkybox":true,"showFlares":true,"showImageEffects":true,"showParticleSystems":true},"in2DMode":false,"pivot":{"x":23.098447799682618,"y":-440.6414489746094,"z":295.67852783203127},"rotation":{"x":-0.4935057461261749,"y":-0.02295915223658085,"z":0.013032312504947186,"w":-0.8693491220474243},"size":660.9829711914063,"orthographic":false}