{"cameraMode":{"drawMode":0,"name":"Shaded","section":"Shading Mode"},"sceneLighting":true,"audioPlay":false,"sceneViewState":{"showFog":true,"showMaterialUpdate":false,"showSkybox":true,"showFlares":true,"showImageEffects":true,"showParticleSystems":true},"in2DMode":false,"pivot":{"x":20.347002029418947,"y":-308.21405029296877,"z":100.2300796508789},"rotation":{"x":0.5221526026725769,"y":-0.007549011614173651,"z":0.004952086601406336,"w":0.8529788255691528},"size":391.2581787109375,"orthographic":false}