{"cameraMode":{"drawMode":0,"name":"Shaded","section":"Shading Mode"},"sceneLighting":true,"audioPlay":false,"sceneViewState":{"showFog":true,"showMaterialUpdate":false,"showSkybox":true,"showFlares":true,"showImageEffects":true,"showParticleSystems":true},"in2DMode":false,"pivot":{"x":11.482739448547364,"y":2.068535804748535,"z":-65.79731750488281},"rotation":{"x":-0.40908604860305788,"y":0.2389918714761734,"z":-0.11336757242679596,"w":-0.8735741972923279},"size":19.811744689941408,"orthographic":false}