{"cameraMode":{"drawMode":0,"name":"Shaded","section":"Shading Mode"},"sceneLighting":true,"audioPlay":false,"sceneViewState":{"showFog":true,"showMaterialUpdate":false,"showSkybox":true,"showFlares":true,"showImageEffects":true,"showParticleSystems":true},"in2DMode":false,"pivot":{"x":24.440763473510743,"y":-30.332626342773439,"z":-33.29999542236328},"rotation":{"x":-0.429110050201416,"y":0.09760085493326187,"z":-0.04709508270025253,"w":-0.8969354629516602},"size":137.55335998535157,"orthographic":false}