{"cameraMode":{"drawMode":0,"name":"Shaded","section":"Shading Mode"},"sceneLighting":true,"audioPlay":false,"sceneViewState":{"showFog":true,"showMaterialUpdate":false,"showSkybox":true,"showFlares":true,"showImageEffects":true,"showParticleSystems":true},"in2DMode":false,"pivot":{"x":-661.4695434570313,"y":-28.05353546142578,"z":-117.8083267211914},"rotation":{"x":0.02243140898644924,"y":-0.7638897895812988,"z":0.026612157002091409,"w":0.6444529891014099},"size":705.9089965820313,"orthographic":false}